method,accuracy,runtime
GA (NN),0.9566791086981111,991.7454102909999
Optuna (NN),0.9579233118425518,151.26471649999985
LogisticRegression,0.9535120461486257,0.2507667089998904
RandomForest,0.9280624363759755,5.78911858399988
GradientBoosting,0.9392602646759416,391.243079416
MLP(Default),0.9416355615880556,5.6085427920002076
