method,accuracy,runtime
GA (NN),0.9566791086981111,1007.8681579580007
Optuna (NN),0.9579233118425518,159.41293533299904
