method,accuracy,runtime
GA (NN),0.951589186743581,1531.605737209
Optuna (NN),0.9579233118425518,177.51603587499994
LogisticRegression,0.9535120461486257,0.2723580839956412
RandomForest,0.9280624363759755,5.813479124990408
GradientBoosting,0.9392602646759416,394.255359207993
MLP(Default),0.9416355615880556,6.059379957994679
