method,accuracy,runtime
GA (NN),0.951589186743581,1375.049789208002
LogisticRegression,0.9535120461486257,0.2383338340005139
RandomForest,0.9280624363759755,7.7869890830043005
GradientBoosting,0.9392602646759416,393.8670894159877
MLP(Default),0.9416355615880556,6.167703917002655
