method,accuracy,runtime
GA (NN),0.9864038069340584,523.0161965839998
Optuna (NN),0.9864038069340585,265.61503504100074
LogisticRegression,0.9552086868001357,0.2498521659999824
RandomForest,0.9250084832032576,4.355637291999301
GradientBoosting,0.9321343739395996,314.14245720800136
MLP(Default),0.9463861554122837,4.448156417000064
