method,accuracy,runtime
GA Convergence Stop,0.9825515522320417,485.5584307499994
GA (NN),0.9830047586675731,857.3522688749999
Optuna (NN),0.9864038069340585,270.2128884169997
LogisticRegression,0.9552086868001357,0.26620912500038685
RandomForest,0.9250084832032576,4.4855367920008575
GradientBoosting,0.9321343739395996,310.37101529100073
MLP(Default),0.9463861554122837,3.895406167001056
