method,accuracy,activation,base_units,batch_size,dropout_rate,epochs,l2_weight_decay,learning_rate,num_layers,optimizer,scaler,width_pattern
GA,0.9830047586675731,tanh,32,16,0.13695619321761987,99,0.004332342577033789,9.540418265608071e-05,1,adam,none,decreasing
Optuna,0.9864038069340585,elu,128,16,0.11054434301203457,76,0.0011895521871311378,0.000177275863366608,4,adam,none,constant
