method,accuracy,activation,base_units,batch_size,dropout_rate,epochs,l2_weight_decay,learning_rate,num_layers,optimizer,scaler,width_pattern
GA,0.9864038069340584,relu,32,256,0.009202437668835717,66,0.0009462754629553505,0.002943606977183439,3,adam,minmax,increasing
Optuna,0.9864038069340585,elu,128,16,0.11054434301203457,76,0.0011895521871311378,0.000177275863366608,4,adam,none,constant
